productId,productname,description,price,demoprice,brand,image,category,subcategory,stock
10001,Jump Rope Random Color,Weight - 0.3 kg,289,300,Citizen Sports,https://drive.google.com/uc?export=view&id=1vLm15GrWnMBSOw840mgB9-PU0dKU8hgA,Fitness & Sports,Gym Equipment,4
10002,Focallure Makeup Setting Spray (100 ml),"Locks makeup for as long as 24 hours
Adapts to any skin type
Prevents foundations and concealers from oxidation
Infused with natural ingredients, i.e.Hyaluronic Acid, Collagen, Camellia Synesis Leaf Extract etc.
Nozzle sprays out tiny mist drops enabling it to set evenly",650,800,Easy Dhaka,https://drive.google.com/uc?export=view&id=1d9Qo9qbJcpeDGvN84yRl6JKuDZ0CwSI1,Cosmetics,Setting Spray,5
10003,Philips BT3102/15 Beard Trimmer Series 3000 for Men,"Ergonomic design for easier handling
Lift & Trim comb guides hairs to the blades for an even trim
Stainless Steel Blades for long-lasting sharpness
DuraPower technology for a longer-lasting battery life
Skin-friendly blades for smooth skin
10 lock-in length settings, 0.5-10mm with 1mm precision
Up to 60 minutes of cordless use after 10 hours of charging
Detachable head for easy cleaning
Worldwide voltage, no oil needed","2,150",2500,Gear Exact,https://drive.google.com/uc?export=view&id=11-7PXVheumndzymeZqNlDY80dGxLRbtF,Electronics,Trimmer,45
10004,Expiry date,"FABRIC: FLEECE
SIZE: M, L, XL, XXL
Size Measurement (in inch/centimeter):
M (Medium): Chest 39.37?, Height 27.56?
L (large) : Chest 41.73?, Height 28.74?
XL(Extra large): Chest 43.30?, Height 29.92?
XXL(Double Extra large) : Chest 45.67?, Height 31.10?",900,72,One Ummah BD,https://drive.google.com/uc?export=view&id=19msKNlW-D3JAhL6RfLomvAgm8dcXpV5P,Clothing,Men's wear,45
10005,"Follow the sunnah, not the society","FABRIC: FLEECE
SIZE: M, L, XL, XXL
Size Measurement (in inch/centimeter):
M (Medium): Chest 39.37?, Height 27.56?
L (large) : Chest 41.73?, Height 28.74?
XL(Extra large): Chest 43.30?, Height 29.92?
XXL(Double Extra large) : Chest 45.67?, Height 31.10?",900,72,One Ummah BD,https://drive.google.com/uc?export=view&id=1CUE4wK5T3BGsEQ803gG0sBdqCQk_puk3,Clothing,Men's wear,33
10006,"MusicNomad MN103 Guitar ONE All-in-1 Cleaner, Polish, and Wax, 4 oz.","Complete guitar maintenance in one bottle to clean, polish, and protect
The streak-free, advanced formula that smells great
Infused with white Brazilian carnauba wax for an acoustically transparent shield with a high gloss shine
Safe on all lacquer finishes, not recommended for matte finishes
Proudly Made in the USA",900,72,Guitar Paradise,https://drive.google.com/uc?export=view&id=1BlIttSHUEXMhZoAIo-2qHZEALz6CoQ38,Musical Instruments,Guitar,63
10007,Starry Night Wall Clock,"High Quality TPU plastic frame
Dimensions: 10” and 14? diameter, 1.75” depth
High-impact Plexiglas crystal face
Backside hook for easy hanging
High-Definition plastic paper printing
Unique gift for friends or family
One free Uniross AA battery free with each clock",787,39.35,Paperboat,https://drive.google.com/uc?export=view&id=1NVaB4Y8BlPJE-ePFfjOQE3poODE1-hS_,Clock,Wall Clock,22
10008,Philips DST5040/80 Steam Iron 5000 Series,"2600 W to heat up quickly
Scratch-resistant soleplate provides good gliding
Drip-stop keeps garments spotless while ironing
Steam output up to 45 g/min for strong, steady performance
Built-in calc-clean slider, long-lasting steam performance
Comfortable, textured handle for easy grip
Up to 200 g steam boost blasts stubborn creases
Tested cord for maximum durability and safety
Vertical steaming for hanging fabrics","6,750.00",250,Gear Exact,https://drive.google.com/uc?export=view&id=1UCZpGuNb8goRcQoWkpLS5bE963jnJ0yG,Electronics,Iron,63
10009,Wooden Hanging belt Wall Clock,"Piney Wall clocks are made from pine wood with the design digitally printed directly on the wood in durable, non-fading pigment ink. Each piece is finished with non-toxic varnish. Once finished we assemble the final product by hand using a quartz silent movement and stainless steel metal hands.
? Size: 11.5 inches in diameter
? Material: Canadian pine wood
? Free TOSHIBA Alkaline AA battery with each product.","1,259",62.95,Paperboat,https://drive.google.com/uc?export=view&id=1JYRTjt-IpSdLrTGFlD4eHiNgtKdrx2Cm,Clock,Wall Clock,35
10010,W7 HD Foundation,"PROFESSIONAL – Liquid Foundation providing a buildable, medium coverage with a soft, matte finish
FORMULA – Rich and creamy formula that provides the perfect cover up for long lasting wear
APPLICATION – Pump applicator for usage control. Easy to blend into the skin for a natural and poreless finish.
SHADE MATCH – 20 Shades Available – Color = Natural Beige
CRUELTY FREE – HD Foundation is vegan-friendly and free from animal testing! W7’s mission is to give everybody access to high quality cosmetics at an affordable price.",499,39.92,Easy Dhaka,https://drive.google.com/uc?export=view&id=1Hn-7-sj8c2R2R-08b_tC49KpgC-Q1yW4,Cosmetics,Foundation,4
10011,Imagine the day you meet your lord,"FABRIC: FLEECE
SIZE: M, L, XL, XXL
Size Measurement (in inch/centimeter):
M (Medium): Chest 39.37?, Height 27.56?
L (large) : Chest 41.73?, Height 28.74?
XL(Extra large): Chest 43.30?, Height 29.92?
XXL(Double Extra large) : Chest 45.67?, Height 31.10?",900,72,One Ummah BD,https://drive.google.com/uc?export=view&id=1b0VETJ46BRlnnb-DVErHN-ZToC0RC5CT,Clothing,Men's wear,24
10012,Professional Dotara (Two-Stringed) - Professional,"Professional Dotara is originally manufactured by Labu Flutes in its warehouse. A stringed folk musical instrument often used to accompany Bhawaiya songs. The Dotara's rhythm harmonizes with the Bhawaiya's long intonation, that is why Bhawaiya is also called 'dotard song'.A Historical Instrument, Easy to Carry, and It's also a Plucked stringed instrument.","5,500.00",500,Labu Flutes,https://drive.google.com/uc?export=view&id=1nOdeEHwYG1UAZNBkoXbex1jcWz7KIg-T,Musical Instruments,Dotara,24
10013,Kemei KM-809A Rechargeable Hair Clipper and Trimmer for Men,"2200mAh large capacity lithium battery
4 hours safe charging, use time 120 minutes
High-grade carbon steel cutter blade
Adjustable taper control Length Settings 0.8 to 3.2mm
Liquid crystal LCD display
Four different lengths of limit combs-3, 6, 10, and 13mm
The high-speed copper core motor
Fast charging with LCD power display indicator
Low-frequency vibration","1,550.00",77.5,Gear Exact,https://drive.google.com/uc?export=view&id=13gYoGIpyMBdgN5wb4Yt534jNCOVtjgCw,Electronics,Trimmer,4
10014,G Sharp Base Bansuri Flute 24.5 Inches,"Key - G # Size -24 Inch Tune- Master Tune Uses: Can Be Use for Studio Recording, (Highly Recommended for Classical music, orchestral playing, studio recording & musical effects) Bamboo Age: More Than 3 Years","2,000.00",240,Labu Flutes,https://drive.google.com/uc?export=view&id=13iu8zBb9f-u3AQPC9rYGKfOYuYRQa-CS,Musical Instruments,Flute,5
10015,Professional Tabla -Set,Product Type: Dhol Brand: Labu Flutes Country of Origin: Bangladesh A membranophone percussion instrument Classical Instrument Good Quality product,"5,800.00",500,Labu Flutes,https://drive.google.com/uc?export=view&id=1plj8-Q-7nfDwlBX8NtRNH4PNtdzTUJ4x,Musical Instruments,Tabla,5
10016,Foam Comfortable Hand Grip – Black,"Set of 2 Hand Grips
Tone and strengthens hand
Light Weight
Comfortable to use
Attractive design
Durable quality",299,14.95,Citizen Sports,https://drive.google.com/uc?export=view&id=1aDzrPxWYAaqoEnHHplHb8Oij-Zck0bSx,Fitness & Sports,Gym Equipment,47
10017,Smile it's sunnah,"FABRIC: FLEECE
SIZE: M, L, XL, XXL
Size Measurement (in inch/centimeter):
M (Medium): Chest 39.37?, Height 27.56?
L (large) : Chest 41.73?, Height 28.74?
XL(Extra large): Chest 43.30?, Height 29.92?
XXL(Double Extra large) : Chest 45.67?, Height 31.10?",900,72,One Ummah BD,https://drive.google.com/uc?export=view&id=1hXSKr0En5ZUvb9QhBst47D76-xpLx_JZ,Clothing,Men's wear,23
10018,C Natural Medium Bansuri Bamboo Flute 19 Inches,"Key - C Size -19 Inch Tune- Master Tune Uses: Can Be Use for Studio Recording, (Highly Recommended for Beginner with small finger) Bamboo Age: More Than 3 Years","1,200.00",144,Labu Flutes,https://drive.google.com/uc?export=view&id=1QlHcEwvoa5ELft5PL-lMT2-AVSvGRfla,Musical Instruments,Flute,46
10019,Mercy,"FABRIC: FLEECE
SIZE: M, L, XL, XXL
Size Measurement (in inch/centimeter):
M (Medium): Chest 39.37?, Height 27.56?
L (large) : Chest 41.73?, Height 28.74?
XL(Extra large): Chest 43.30?, Height 29.92?
XXL(Double Extra large) : Chest 45.67?, Height 31.10?",900,72,One Ummah BD,https://drive.google.com/uc?export=view&id=1gX2LwKXuAuIa6H-KycnqVdVk1iTjjc5B,Clothing,Men's wear,24
10020,Philips BT1230/15 Beard Trimmer Series 1000 for Men,"DuraPower technology for a longer-lasting battery life
Stainless Steel Blades for long-lasting sharpness
Up to 30 minutes of cordless use after 8 hours charging
USB charging for convenient use
Light on the device indicates when the battery is charging
Skin-friendly blades for smooth skin
Travel lock prevents trimmer from accidentally starting
Ergonomic design, easy to grip for easier handling
worldwide voltage, no oil needed
Choose 5mm long beard, short 3-day stubble, or zero trim look","1,350.00",67.5,Gear Exact,https://drive.google.com/uc?export=view&id=1GqZZx0K4_tPigYTLKTsOwdYZvHKv5Pw5,Electronics,Trimmer,24
10021, Typography Wall Clock,"High Quality TPU plastic frame
Dimensions: 10” and 14? diameter, 1.75” depth
High-impact Plexiglas crystal face
Backside hook for easy hanging
High-Definition plastic paper printing
Unique gift for friends or family
One free Uniross AA battery free with each clock",787,39.35,Paperboat,https://drive.google.com/uc?export=view&id=1PyFwk77HhHnHHv8Cb6CO46eZKGequybR,Clock,Wall Clock,42
10022,FA 158 – Focallure UPTOWN GIRLS Eyeshadow Palette – 01 WITHRED ROSE,"Focallure Uptown Eyeshadow – 01 WITHRED ROSE is smooth, highly pigmented, and easy to blend. The finish will last from day to night. Three flower themes, including withered rose, sakura, and sunflower, bring dreamy eye look for you.
Focallure Uptown Girls Eyeshadows are three sets of popular 10 shades eye-shadow palette are back with the more convenient package and good quality still. Take it with you outside to make you the most attractive one in the crowd!
Each palette features an eyelid primer + matte + shimmer + glitter up to 10 shades, easy to create any different kind of eye look.",440,35.2,Easy Dhaka,https://drive.google.com/uc?export=view&id=1tNJ3cfBCIZbHG2Uwjjnq5KcOpXgxIIq0,Cosmetics,Palette,67
10023,Philips HP8108/00 Essential DryCare Hair Dryer for Women,"1000W power for gentle drying
2 flexible speed settings for gentle drying
Foldable handle for easy storage
Compact design for easy handling
Cool air setting for extra gentle drying
1.5-meter cord for maximum flexibility
Narrow concentrator for focused airflow
Easily dry and style your hair","1,250.00",62.5,Gear Exact,https://drive.google.com/uc?export=view&id=16Evdcj6QUeJfKrp47YUQLvAq0frtWQvN,Electronics,Hair Dryer,34
10024,Sharp 5 Door Inverter Refrigerator,"Capacity: 650 Liters
Color: Black
J-Tech Inverter
AG CU Nano Deodorizer","3,29,000","3,500.00",Esquire Electronics,https://drive.google.com/uc?export=view&id=1MbFJzKzi38bd85_JREx_p0Swbe0IKa-b,Electronics,Refrigerator,34
10025,Philips BHD308/10 Essential DryCare Hair Dryer 3000 Series for Women,"1600W of drying power
ThermoProtect attachment
Foldable handle for easy storage
3 heat and speed settings
Cool air setting to finish your style
Slim nozzle for touch-ups and detailed styling
Powerful drying at a lower temperature","2,850.00",142.5,Gear Exact,https://drive.google.com/uc?export=view&id=1RzyIGrhmWDOmqoz6F9huIkxJSb5fi2q9,Electronics,Hair Dryer,52
10026,Wall Mounted Pull Up Chin Up Bar,"Can withstand weight up to 200kgs
Ideal for pull-ups, chin, abs raises, and more
Built with hi-grade quality steel
Coated with non-slip powder coating
Padded with 2 hand grips for comfort","1,499.00",74.95,Citizen Sports,https://drive.google.com/uc?export=view&id=1v2sEgCDlG3lnPEB31nsOOFHsOTMZYXQz,Fitness & Sports,Gym Equipment,22
10027,PINKFLASH Chic In Cheek Blush,"Pink Flash Chic In Cheek Blush with Chic n Check! This silky-easy powder moves the right balance among a mixed color a position obvious sheen and a radiant pop of maximum color. Chic n Check Blush is Lightweight, long-lasting, and positive to impress.
Our maximum cherished Mega Blush has had a makeover! Four heat matte blush shades, including a pleasant purple glow for your cheeks. While coloring the cheekbones with bright and matte color alternatives consisting of perfect color combinations, it also adds vitality and freshness to the skin make-up. Its Macadamia and Camellia Oil helps maintain moisture balance.",180,14.4,Easy Dhaka,https://drive.google.com/uc?export=view&id=12jg-V66bo75VEQQeu2UN9JuhIslwTgqE,Cosmetics,Blush,36
10028,MusicNomad MN145 Premium String Care Kit-3 Piece,"uel your strings to last longer and play faster
Helps reduce finger noise and enhance speed you can slide
Quick, easy way to clean and lubricate your strings
Ergonomic no mess applicator
Refill (. 5 fl oz. /15ML) gives you 100’s of applications
Proudly Formulated in the USA","1,100.00",88,Guitar Paradise,https://drive.google.com/uc?export=view&id=1RsfLXJQkN6-w5GU8FxRGnPZOGs_cwL9_,Musical Instruments,Guitar,77
10029,Bicyle,"FABRIC: FLEECE
SIZE: M, L, XL, XXL
Size Measurement (in inch/centimeter):
M (Medium): Chest 39.37?, Height 27.56?
L (large) : Chest 41.73?, Height 28.74?
XL(Extra large): Chest 43.30?, Height 29.92?
XXL(Double Extra large) : Chest 45.67?, Height 31.10?",900,72,One Ummah BD,https://drive.google.com/uc?export=view&id=1uqddqsZmohfVJdTI40KtpdGBMfl5HUP1,Clothing,Men's wear,42
10030,Professional DHOL Black - Bengal Percussion Instruments,"Our Professional Dhol BLACK made by Mango Wood - Dhol Drum One Pair of Sticks To Play Dhol. Sizes: Dhol Drum: 23 Inches To 24 Inches. Bass Side Skin: 12 Inches To 13 Inches. Treble Side Skin: 12 Inches To 13 Inches. The sizes are approximate. Because this is a handmade product, sizes may fluctuate up to 1 or 2 inches.","5,000.00",500,Labu Flutes,https://drive.google.com/uc?export=view&id=1_xouNzymvcpxD9G2YdfigZG7Hp-wXPes,Musical Instruments,DHOL,44
10031,Refrigerator (SHARP 2-Door Side By Side Refrigerator 521 Liters),"Capacity: 521 Liters
Color: Black
Inverter Compressor
Multi Dyna Cooling
LED Touch Screen","148,900","1,500.00",Esquire Electronics,https://drive.google.com/uc?export=view&id=18VYTmudDsZWsf3WvkctyZayFj6XgJYFu,Electronics,Refrigerator,44
10032,OneOdio ON55 Wired Vocal Microphone with 16.4ft XLR Cable & Mic Clips,"-Moving-coil wired microphone
-Sturdy metallic design
-Vocalist microphone
-A 16ft XLR to 6.35mm cable
Compatibility: Widely used in amplifier machine / sound console / mobile speakers / sound cards and other music equipment, very suitable for KTV, bar, w","3,700",240.5,Guitar Paradise,https://drive.google.com/uc?export=view&id=15aEfOpqKxjs7ksPH2tb3F-EW563G-X5T,Musical Instruments,Microphone,22
10033,Central Perk (F.R.I.E.N.D.S) Wall Clock,"High Quality TPU plastic frame
Dimensions: 10” and 14? diameter, 1.75” depth
High-impact Plexiglas crystal face
Backside hook for easy hanging
High-Definition plastic paper printing
Unique gift for friends or family
One free Uniross AA battery free with each clock",787,39.35,Paperboat,https://drive.google.com/uc?export=view&id=1VM0_WdsvX379P5-6DN6gLYlniCwXqPWP,Clock,Wall Clock,26
10034,AC (General Inverter 2.0 Ton Air Conditioner),"Capacity: 2.0 Ton (24,000 BTU)
Hyper Tropical Inverter
Fast cooling","122,900","1,500.00",Esquire Electronics,https://drive.google.com/uc?export=view&id=1jOW_kkBldDoxptcygQnG6kW1jCF5d2Y3,Electronics,AC,62
10035,Philips GC160/22 Dry Iron with DynaGlide,"DynaGlide soleplate for easy gliding on all garments
Slim tip soleplate reaches easily in tricky areas
Button groove speeds up ironing along with buttons and seams
Comfortable handle with texturing for easy grip
Cord winder for easy cord storage
Easy temperature control
Temperature light indicates when the iron is hot enough
The best gliding soleplate","3,050.00",152.5,Gear Exact,https://drive.google.com/uc?export=view&id=1DOorkDdBih7PQPWI39xEeDsuz08wkrqY,Electronics,Iron,33
10036,Football – Qatar World Cup 2022 – Special Club Ball – Size 5 | Al Rihla,"60% polyurethane, 40% polyester cover
Butyl bladder
Thermally bonded seamless construction
FIFA Quality Pro certified
FIFA World Cup™ printed logo
Requires inflation
Leather (imitation)",999,49.95,Citizen Sports,https://drive.google.com/uc?export=view&id=1T5sNscB-GIX0cs-_C4djT-JV_Qkf3efn,Fitness & Sports,Football,63
10037,Focallure Hangover RED WINE Blusher,"Natural Flush: Second-skin finishes, a truly natural color out of our skin. It blends perfectly on the skin creating healthy flush-look.
Long-Lasting: Super staying power for the whole day. Not easy to lose & not fade. No need to touch up constantly.
Super duper Pigmented
The bendable formula for super easy to apply, because she is runny. Just trim it using our fingers, and the results are amazing.",320,25.6,Easy Dhaka,https://drive.google.com/uc?export=view&id=1PN4izqMZW6IARI6_aDAHOabdTL1h-aac,Cosmetics,Blush,21
10038,Whatever Wall Clock,"High Quality TPU plastic frame
Dimensions: 10” and 14? diameter, 1.75” depth
High-impact Plexiglas crystal face
Backside hook for easy hanging
High-Definition plastic paper printing
Unique gift for friends or family
One free Uniross AA battery free with each clock",787,39.35,Paperboat,https://drive.google.com/uc?export=view&id=1LhNzN-K_0U8H9ONvp2PSyM7q6xpObokK,Clock,Wall Clock,13
10039,Panasonic EH-ND11 Compact DryCare Hair Dryer for Women,"Compact design, portable & durable
Comfortable, textured handle for easy grip
2-flexible speed settings for careful drying
Turbo function consumes 1000W power
Silent operation low noise drying
Easy storage hook for convenient storage
Tangle-free cord enables easy usage","1,350.00",67.5,Gear Exact,https://drive.google.com/uc?export=view&id=1JRj1psBK4v5jFVETr9pTPn_jLdCEJlYN,Electronics,Hair Dryer,45
10040,HTC AT-538 Hair and Beard Trimmer for Men,"High-grade stainless steel blade
Compact design and comfortable to use
Ergonomic design for easier handling
Effortless even trim
Quick-release blades for easy cleaning
45 minutes of cordless use
Skin-friendly blades for smooth skin
4-detachable 1mm, 3mm, 5mm, & 7mm comb",525,26.25,Gear Exact,https://drive.google.com/uc?export=view&id=1seZOZwLoe0VAI1ZrmIpW1KoiJthJYxGp,Electronics,Trimmer,24
10041,2.5 kg Hex Dumbbell 1 Pair (Rubber Coated),Weight - 5 kg,"1,195.00",59.75,Citizen Sports,https://drive.google.com/uc?export=view&id=1oiZVJ5W37LkCsp6cqSKLjCyLJF8lfhDa,Fitness & Sports,Gym Equipment,44
10042,General 2.0 Ton AC,"Capacity: 2.0 Ton (24,000 BTU)
Powerful Cooling
Tropical Specifications
Eco-friendly R410A Gas
Low Noise Design","1,31,900","1,500.00",Esquire Electronics,https://drive.google.com/uc?export=view&id=18Oq7o9qIPH8XPK7bjsR90piZzYC_pLz3,Electronics,AC,24
10043,Philips BHC010/12 Essential Care DryCare Hair Dryer for Women,"Foldable handle for easy portability
1200W gentle drying for beautiful results
3 flexible pre-selected drying settings for different needs
Cool air setting for extra gentle drying
Compact design for easy handling and carrying Fast air setting for efficient but gentle drying
ThermoProtect temperature setting
Concentrator focuses the airflow for a polished, shiny look","1,650.00",82.5,Gear Exact,https://drive.google.com/uc?export=view&id=18Fqtf_d2L6j5K58g8qXy0BaUQiWS6SDN,Electronics,Hair Dryer,44
10044,A Sharp Base Bansuri Flute 21 Inches,"Key - A # Size -21 Inch Tune- Master Tune Uses : Can Be Use for Studio Recording, (Highly Recommended for Classical music, orchestral playing, studio recording & musical effects.) Bamboo Age: More Than 3 Years","1,500.00",180,Labu Flutes,https://drive.google.com/uc?export=view&id=1mKRafc6P5cBzz6Mhdi0Qy5e8kQKbpRP8,Musical Instruments,Flute,42
10045,Overload,"FABRIC: FLEECE
SIZE: M, L, XL, XXL
Size Measurement (in inch/centimeter):
M (Medium): Chest 39.37?, Height 27.56?
L (large) : Chest 41.73?, Height 28.74?
XL(Extra large): Chest 43.30?, Height 29.92?
XXL(Double Extra large) : Chest 45.67?, Height 31.10?",900,72,One Ummah BD,https://drive.google.com/uc?export=view&id=1Fw9ngv9SIyokP9FKwXdU37WnqaNOSq5Y,Clothing,Men's wear,66
10046,Faith,"FABRIC: FLEECE
SIZE: M, L, XL, XXL
Size Measurement (in inch/centimeter):
M (Medium): Chest 39.37?, Height 27.56?
L (large) : Chest 41.73?, Height 28.74?
XL(Extra large): Chest 43.30?, Height 29.92?
XXL(Double Extra large) : Chest 45.67?, Height 31.10?",900,72,One Ummah BD,https://drive.google.com/uc?export=view&id=1GrUOCtcW6rA7B4LC766QixOq8Ig5kcxG,Clothing,Men's wear,23
10047,The Clarke Original Tinwhistle,"The Clarke Original Tinwhistle has been made in England and is available in the keys of C Each Original Tinwhistle is supplied with a fingering chart in a gift box. It is just as good for solo playing as it is in ensemble with other musical instruments; and can be played by children, youth or adults alike.The Clarke Original Tinwhistle has been made in England and is available in the keys of C Each Original Tinwhistle is supplied with a fingering chart in a gift box. It is just as good for solo playing as it is in ensemble with other musical instruments; and can be played by children, youth or adults alike.","2,700.00",324,Labu Flutes,https://drive.google.com/uc?export=view&id=1r-Tms2LEgNyBfRp7Y-OwzzfAZwxe670G,Musical Instruments,Flute,24
10048,Success is calling you 5 times a day,"FABRIC: FLEECE
SIZE: M, L, XL, XXL
Size Measurement (in inch/centimeter):
M (Medium): Chest 39.37?, Height 27.56?
L (large) : Chest 41.73?, Height 28.74?
XL(Extra large): Chest 43.30?, Height 29.92?
XXL(Double Extra large) : Chest 45.67?, Height 31.10?",900,72,One Ummah BD,https://drive.google.com/uc?export=view&id=1zurrKcyL58C5cXRkS7ikRRzq7JBHeaLA,Clothing,Men's wear,46
10049,Panasonic NI-M300T Steam Iron Light and Easy,"Powerful Maximum 1800 W
Power shot 80 g
Vertical shot
Continuous steam 0-20 g/min
Anti-calc system
Advanced titanium-coated soleplate
Powerful steam removes stubborn wrinkles
Tough and smooth ironing
Easy maintenance, long-lasting
360° power swivel cord","2,850.00",142.5,Gear Exact,https://drive.google.com/uc?export=view&id=13Epum3v1IHI9gssd2zdN4-jjFA87H_Rz,Electronics,Iron,84
10050,MusicNomad MN204 The Nomad Tool Set – The Special Nomad Tool & The Nomad Slim for Guitar Care,"Works on all stringed instruments, amps, drums, keyboards, pedals, computers
Cleans dust & grime from hard to reach areas
All in one cleaning toolset with no cleaning solution needed
Prolongs the life & preserves the tone of strings
The Nomad slim gets between pick-ups & under floating bridges, floating Pickguards, strings on your headstock & more","1,150.00",92,Guitar Paradise,https://drive.google.com/uc?export=view&id=1eOsGnMBAcX4wZ76syzOa-2UaGB5qFQf2,Musical Instruments,Guitar,33
10051,W7 The Bronzer Matte – 14 gm,"MISSION – W7’s Mission is to ensure that everybody should have access to an extensive range of high quality cosmetics at an affordable price.
CONTOUR – The staple. The Bronzer.
MATTE – A compact bronzer with a deep tan effect and a matte finish.
BOOST – Can be used for contour, a colour boost or both!
APPLICATION – Can be applied using a large brush to build colour all over the face.",350,28,Easy Dhaka,https://drive.google.com/uc?export=view&id=19onOq5PmwrBhTkgRYbFyeTc7IXzPAuFm,Cosmetics,Bronzer,47
10052,Sharp Microwave Grill Convection Oven,"Capacity: 32 Litres
Color: Stainless Steel
Convection and Grill Function
315 mm glass turntable
10 Auto Menus","21,900",500,Esquire Electronics,https://drive.google.com/uc?export=view&id=1uqiEjqMCLUsSzDj8quMs9h1sE-nfX76H,Electronics,Microwave Oven,34
10053,Panasonic NI-WL30 Cordless Steam Iron,"Smooth out wrinkles with cordless glide
Multi-direction soleplate for an ideal ironing
Comfortable glide in all directions
Designed for safety and stability
Quick wrinkle reduction with power steam shot
Peace of mind with auto shut-off
No waiting until it cools down
The curved soleplate, adjustable steam
The secret of the power base
Quick set-up with the detachable water tank
Vertical steam Shot for quick use","6,550.00",300,Gear Exact,https://drive.google.com/uc?export=view&id=1-3H_PlsE6eqMJmQkUxEN1ADaB24D6cJF,Electronics,Iron,73
10054,Stay Max Powder Matte Lipsticks,"All Day Fresh Color
Moist HD Matte
Mousse Smooth",280,22.4,Easy Dhaka,https://drive.google.com/uc?export=view&id=1M6JmPMyNPmbt3c2OHXkzAkM5MILPLV0k,Cosmetics,Lipstick,22
10055,FA 26 – Focallure Blush & Highlighter Palette,Focallure Blush and Highlighter Palette is a magnetized trio of blush & highlighter palette curated by skin tone with 2 highlighters & blush.,330,26.4,Easy Dhaka,https://drive.google.com/uc?export=view&id=1EfHqqCMsyCHi5vplV5PW5drXS-9EIIx2,Cosmetics,Palette,35
10056,Mi Beard Trimmer 1C for Men,"Ergonomic design is easy to hold and handle
Rounded blades for skin-friendly performance
20 length settings with 0.5 mm precision with one comb
Ultra-powerful battery, 60 min of cordless usage per charge
Advanced self-sharpening Stainless steel blades
Variable cutting length 0.5 to 10 mm
Effortless even trim
Quick-release blades for easy cleaning","2,150.00",107.5,Gear Exact,https://drive.google.com/uc?export=view&id=10cAZURtcBXoxg09OWDbJ7-b9FbIF0pZi,Electronics,Trimmer,23
10057,Stand for the truth,"FABRIC: FLEECE
SIZE: M, L, XL, XXL
Size Measurement (in inch/centimeter):
M (Medium): Chest 39.37?, Height 27.56?
L (large) : Chest 41.73?, Height 28.74?
XL(Extra large): Chest 43.30?, Height 29.92?
XXL(Double Extra large) : Chest 45.67?, Height 31.10?",900,72,One Ummah BD,https://drive.google.com/uc?export=view&id=1Wa_QhFxCVOUlOaEnB9B1Ut6WJp5pzP1U,Clothing,Men's wear,62
10058,Ya raab I'm nothing without you,"FABRIC: FLEECE
SIZE: M, L, XL, XXL
Size Measurement (in inch/centimeter):
M (Medium): Chest 39.37?, Height 27.56?
L (large) : Chest 41.73?, Height 28.74?
XL(Extra large): Chest 43.30?, Height 29.92?
XXL(Double Extra large) : Chest 45.67?, Height 31.10?",900,72,One Ummah BD,https://drive.google.com/uc?export=view&id=1I7uOrTbyq8sNU4lvB6OBNO4hiXllKPws,Clothing,Men's wear,44
10059,ENCHEN Boost USB Electric Hair Clipper for Men,"Perfect Fit to the Head Contour, Suitable for Everyone
Lightweight and Portable Easy to Carry and Use
One Button Locks The Length Of The Haircut
Nano-ceramic Cutter Head
Variable Frequency Power, Two Speed Control
ESM Intelligence Prevent Stocking Hair
R Type Rounded Corner Processing
Suitable for Outdoor Business Trips, Travel, Hotels, etc","1,180.00",59,Gear Exact,https://drive.google.com/uc?export=view&id=1M3XQeeZ1xfFX9qW9TiPeiv-qOnQNAgJg,Electronics,Trimmer,72
10060,Kemei KM-600 Multi-groom 11 in 1 Super Grooming Face Hair and Body for Men,"High-speed motor, super professional blade
Special grooming kit for men, multifunctional use
11-in-1 hair clipper to meet your various requirements
Compact size, portable, easy to carry on a trip
Comes with storage holder for easy access
Full-size trimmer defines hair precisely and evenly
Precision trimmer defines both the straight and curved lines
Shaves and finishes lines and edges to ensure the clean smooth results
Nose trimmer trims the hair of nose and ear safely for maximum comfort","1,750",87.5,Gear Exact,https://drive.google.com/uc?export=view&id=1fXCAQDZGW-RiE3PS2nBuA9YvTd5GL5bF,Electronics,Trimmer,24
10061,Philips HD1172/01 Dry Iron Classic,"Pointed tip for ironing tricky areas
Finished soleplate for easy gliding on your clothes
Button groove speeds up ironing along with buttons & seams
Iron temperature-ready light
Easy temperature control
Slim tip soleplate reaches easily in tricky areas
Cord winder for easy cord storage
Long-lasting cord for extended lifetime
Temperature light indicates when the iron is hot enough
Tested design for maximum durability","1,750",87.5,Gear Exact,https://drive.google.com/uc?export=view&id=1RXiYqiSY9YUFdlbBy67e2F05STI1kFaO,Electronics,Iron,24
10062,Danaaz Freezer 150 Liters,"Capacity: 150 Liters
Color: Premium White
Energy Saving Refrigerant
Glass Top Finish
Digital Touch Regulator with Temperature Display","33,900",700,Esquire Electronics,https://drive.google.com/uc?export=view&id=1UmsTN8ctzMjh-y-a9tynLU7rSSxiWDlk,Electronics,Refrigerator,68
10063,Sharp Freezer,"Capacity: 220 Liters
Color: Gray
Energy-saving refrigerant
Built-in safety lock
LED Lighting","39,900",700,Esquire Electronics,https://drive.google.com/uc?export=view&id=1emor46C1IdtlvgnJEn9KgiRbT2lpWGw3,Electronics,Refrigerator,22
10064,WM (Sharp Full Auto Front Loading Inverter Washing Machine),"Capacity: 10.5 KG
J-Tech Inverter
Full Auto- Front Loading
10 Wash Programs","62,000","1,000.00",Esquire Electronics,https://drive.google.com/uc?export=view&id=1uAJ94Q_QxPduSSS6s0vYoV7O9KdGRRkU,Electronics,Washing Machine,33
10065,Kemei KM-4011 Rechargeable Hair Clipper and Beard Trimmer for Men,"1200mAh large capacity lithium battery
120 minutes of cordless use per charge
USB fast charging with LCD power display indicator
Strong power with a sharp blade
2-hours fast and durable charging
High-grade stainless steel blade
4-detachable combs-1mm, 2mm, 3mm, & 4mm
The high-speed copper core motor
Low-frequency vibration","1,450.00",72.5,Gear Exact,https://drive.google.com/uc?export=view&id=1aWoc3Nxp9vJfZuLJf5KsFYmYaK8qLyj_,Electronics,Trimmer,73
10066,Focallure BlurMaX Oil Control Gel Primer (25g),"Focallure BlurMax Oil Control Primer is featuring With Pore-blurring Formula, Newest Blurmax Clear Gel Face Primer Minimizes Large Pores Of Skin Surface And Instantly Smooth Fine Wrinkle For Flawless And Long-stay Base Makeup. Best For The Oily/ Combination Skin With Large Pores. Apply It On The Partial Area You Want To Smooth And Blur?or Anywhere You Want To Control Oil?especially The T-zone Area.
Pore-Blurring
Fine Wrinkle-Smoothing
Smooth Skin Surface
Longlasting Oil-Control for Oily-Area",390,31.2,Easy Dhaka,https://drive.google.com/uc?export=view&id=1cVe5YU1HHghJ_c67QxQqOmk5BWoAl9Z-,Cosmetics,Primer,62
10067,Ego,"FABRIC: FLEECE
SIZE: M, L, XL, XXL
Size Measurement (in inch/centimeter):
M (Medium): Chest 39.37?, Height 27.56?
L (large) : Chest 41.73?, Height 28.74?
XL(Extra large): Chest 43.30?, Height 29.92?
XXL(Double Extra large) : Chest 45.67?, Height 31.10?",900,72,One Ummah BD,https://drive.google.com/uc?export=view&id=1O4UQ6N1E5kT4D1UwZW5WsunKKLSG7xxV,Clothing,Men's wear,62
10068,Assalamu alaikum v1,"FABRIC: FLEECE
SIZE: M, L, XL, XXL
Size Measurement (in inch/centimeter):
M (Medium): Chest 39.37?, Height 27.56?
L (large) : Chest 41.73?, Height 28.74?
XL(Extra large): Chest 43.30?, Height 29.92?
XXL(Double Extra large) : Chest 45.67?, Height 31.10?",900,72,One Ummah BD,https://drive.google.com/uc?export=view&id=1fN9G6o477ulllifh9XO8XSh-DMMCGUzB,Clothing,Men's wear,72
10069,Batman Wall Clock,"High Quality TPU plastic frame
Dimensions: 10” and 14? diameter, 1.75” depth
High-impact Plexiglas crystal face
Backside hook for easy hanging
High-Definition plastic paper printing
Unique gift for friends or family
One free Uniross AA battery free with each clock",787,39.35,Paperboat,https://drive.google.com/uc?export=view&id=15usq0LyG9SpJs9Ga6ozzWUKP0TWrSmvM,Clock,Wall Clock,44
10070,No excuse for salah,"FABRIC: FLEECE
SIZE: M, L, XL, XXL
Size Measurement (in inch/centimeter):
M (Medium): Chest 39.37?, Height 27.56?
L (large) : Chest 41.73?, Height 28.74?
XL(Extra large): Chest 43.30?, Height 29.92?
XXL(Double Extra large) : Chest 45.67?, Height 31.10?",900,72,One Ummah BD,https://drive.google.com/uc?export=view&id=1arQYLFGOZTOpTbogZnbcU2fZmFQ4DWni,Clothing,Men's wear,34
10072,Philips GC1740/20 Steam Iron EasySpeed,"220 ml water tank for longer ironing sessions
Calc Clean slider for durable steam performance
Continuous steam up to 25g/min for good crease removal
Integrated water spray evenly moistens the fabric
Power up to 2000 W enabling constant high steam output
Larger soleplate to cover more in one go
Wider hole for easy water filling
Non-stick soleplate for easy and fast gliding on all fabrics
Triple precision tip to reach the most tricky areas","2,750",137.5,Gear Exact,https://drive.google.com/uc?export=view&id=19ZzbUSQClNFzC_Mey8y-oZkIxyxxYl7e,Electronics,Iron,73
10073,OneOdio A71 Over Ear Studio Monitor Headphone,[Immersed in The World of Music] [Dual-duty Cable Design] [Comfort & Creal-time Design] [Designed for DJ] [Great Compatibility & Adapter-free] The monitor headphone compatible with IOS/Windows/Android. Suitable for all devices with 3.5mm or 6.35mm audio jacks,"4,300.00",279.5,Guitar Paradise,https://drive.google.com/uc?export=view&id=1-ZMUgLs7MrRzmU4e0iD_XdNIWxUoWThB,Musical Instruments,Headphone,24
10074,Being muslim,"FABRIC: FLEECE
SIZE: M, L, XL, XXL
Size Measurement (in inch/centimeter):
M (Medium): Chest 39.37?, Height 27.56?
L (large) : Chest 41.73?, Height 28.74?
XL(Extra large): Chest 43.30?, Height 29.92?
XXL(Double Extra large) : Chest 45.67?, Height 31.10?",900,72,One Ummah BD,https://drive.google.com/uc?export=view&id=1TK0sHlC1SjaZQjtHRdQWW-yN6LB5B3KO,Clothing,Men's wear,73
10075,FA 158 – Focallure UPTOWN GIRLS Eyeshadow Palette – 02 SAKURA IN DREAM,"Focallure UPTOWN Eyeshadow – SAKURA IN DREAM is smooth, highly pigmented, and easy to blend. The finish will last from day to night. Three flower themes, including withered rose, sakura, and sunflower, bring dreamy eye look for you.
Focallure Uptown Girls Eyeshadows are three sets of popular 10 shades eye-shadow palette are back with the more convenient package and good quality still. Take it with you outside to make you the most attractive one in the crowd! Each palette features an eyelid primer + matte + shimmer + glitter up to 10 shades, easy to create any different kind of eye look.",440,35.2,Easy Dhaka,https://drive.google.com/uc?export=view&id=1-laA8U90DeDxwwQ0aRFHQpIcg8yz0e9t,Cosmetics,Palette,34
10076,"Gravity Picks Sunrise – GSUS2PM Standard Size, 2mm, with Multi-hole Grip Handcrafted Acrylic Guitar/Bass Pick with an 80-degree Bevel and Multi-hole Grip","An affordable handcrafted guitar pick
Multi-hole cutouts for better grip
3 distinct playing surfaces – use edges for single-note lines (e.g.) or the rounded surface for chords
Made from thick cast acrylic for a clear tone
Louder and brighter than nylon picks
Long-lasting pick life
Grips fingers and glides across strings
80-degree beveled edge provides a good balance between speed and sound quality
Hand-shaped and buffed with care by a small team of designers
Made in the USA
Sold individually",650,78,Guitar Paradise,https://drive.google.com/uc?export=view&id=1Aic1gYG3ugGJLy6Dy6Zyru3A19rCqlMC,Musical Instruments,Guitar,24
10077,Saramonic SmartMic Professional Mini Condenser Flexible Microphone for Smartphones,"The Saramonic SmartMic Condenser Microphone is small and lightweight
The Saramonic SmartMic uses a TRRS condenser microphone to pick up and record a wide range of sounds The SmartMic is battery-free, with a standard 3.5mm audio plug. 90° Lobar microphone capsule
Integrated shock mount
Limits background noise
Connection: TRRS (3.5mm jack) for iOS and Mac
Frequency range: 35 Hz to 18 kHz
Signal-to-noise ratio: 74dB SPL
Weight: 0.021kg
Foam windscreen included","1,900.00",304,Guitar Paradise,https://drive.google.com/uc?export=view&id=11nrOIkZAHY4XnEHV7dPRv_zj-nzS75ME,Musical Instruments,Microphone,72
10078,WM (Sharp Full Auto Front Loading Inverter Washing Machine),"Capacity: 8.5 KG
Full Auto- Front Loading
J-TECH Inverter
10 Wash Programs","53,000","1,000.00",Esquire Electronics,https://drive.google.com/uc?export=view&id=1STgB6irHDPYFyIh9EBdbcr-f-0wMA0o5,Electronics,Washing Machine,24
10079,Kemei KM-3909 Cordless Beard Trimmer and Hair Clipper for Men,"Elegant design and pro-skin-friend
Silver Pd alloy motor of high rotational speed
Intelligent anti-clip system
Ergonomic body design for comfortable use
Get up to 60 minutes of cordless use per charge
Compact design and comfortable to use
Cord or cordless use
Variable cutting length 0.5 to 12 mm",990,49.5,Gear Exact,https://drive.google.com/uc?export=view&id=1uCyp25-tYxaUEffzeq0wB74rKtOCP4B2,Electronics,Trimmer,36
10080,Focallure Color Concealer Palette,"5 color concealer plate, Lightweight, high coverage, easy to blend and provide a comprehensive coverage effect
No cakey and keep your makeup fresh the whole day
Lasting 8 hours and containing waterproof formula",420,33.6,Easy Dhaka,https://drive.google.com/uc?export=view&id=1WTGtJlL3qux34T_3S_azvWMsUyjpdDr_,Cosmetics,Concealer,23
10081,OMA-5105EB (DC Motor. 2.25 HP Peak) Foldable Motorized Treadmill,"Length: 62.4’’
Width: 27’’
Height: 52’’","33,200.00","1,000.00",Citizen Sports,https://drive.google.com/uc?export=view&id=1KPlVEd-o4JPBwNxQqZvjEJvWqJPFOyKx,Fitness & Sports,Gym Equipment,42
10082,Mind matter,"FABRIC: FLEECE
SIZE: M, L, XL, XXL
Size Measurement (in inch/centimeter):
M (Medium): Chest 39.37?, Height 27.56?
L (large) : Chest 41.73?, Height 28.74?
XL(Extra large): Chest 43.30?, Height 29.92?
XXL(Double Extra large) : Chest 45.67?, Height 31.10?",900,72,One Ummah BD,https://drive.google.com/uc?export=view&id=1pqAT4aiKzFom9tSQraz7vFmNaHHG6Kvu,Clothing,Men's wear,44
10083,WM (Sharp Full Auto J-Tech Inverter Washing Machine),"Capacity: 9.5 KG
Top Load Washing Machine
J-TECH Inverter Technology
NO-HOLES Tub","41,900",700,Esquire Electronics,https://drive.google.com/uc?export=view&id=1PPisi8gAghAjsUydcot_Ycokc48SDRNM,Electronics,Washing Machine,43
10084,Sabar v2,"FABRIC: FLEECE
SIZE: M, L, XL, XXL
Size Measurement (in inch/centimeter):
M (Medium): Chest 39.37?, Height 27.56?
L (large) : Chest 41.73?, Height 28.74?
XL(Extra large): Chest 43.30?, Height 29.92?
XXL(Double Extra large) : Chest 45.67?, Height 31.10?",900,72,One Ummah BD,https://drive.google.com/uc?export=view&id=1Zr9nprCXeoJrVAOLZs-TDTA5raQG27AG,Clothing,Men's wear,63
10085,Panasonic EH-NE72 ExtraCare Shine Boost Hair Dryer with Ionity for Women,"3-speed settings for maximum styling control
Shine boost design keeping hair smooth and shiny
2000W powerful airflow with negative ions to fast
Double external ion outlets to protect moisture from heat
Foldable handle for extra portability and easy storage
Cool-shot switch to set your style
Double overheat protection
ThermoProtect temperature setting
1.8m cord for maximum flexibility
Convenient, ultra-fast drying with extra care
Ergonomically designed handle for comfort and easy
Finger diffuser and styling nozzle","5,350",250,Gear Exact,https://drive.google.com/uc?export=view&id=1fbs4gxNiam868uinyRJPElyTWe9_VmkA,Electronics,Hair Dryer,34
10086,Makeup Revolution Pro Fix Oil Control Fixing Spray – 100 ml,"This Makeup Revolution Pro Oil Control Fixing Spray 100ml ensures that you keep your matte finish for a whole day. The High Tech ingredients ensure that the foundation and eye makeup stay in place without smudging.
Hydrates the skin.
Brightening effect.
Spray gives just the right dose.
Reduced the sebum production.
Suitable for all skin types, but especially for mixed / oily skin.",590,47.2,Easy Dhaka,https://drive.google.com/uc?export=view&id=17MmUoirZqsXrcacSvwrrErZEiL-3XcsM,Cosmetics,Setting Spray,33
10087,Morphy Richards Mixer Grinder,"Power: 500 W
3 Jars
High-grade stainless steel jars
Robust and ergonomically designed ABS handle
Shock-proof insulated body","4,900",196,Esquire Electronics,https://drive.google.com/uc?export=view&id=11mfkJxauYkosKZ_vDu9xC6YYSouvg-jI,Electronics,Mixer Grinder,34
10088,Morphy Richards Dry Iron,"1000 Watts
Double Teflon classic coating
Biggest soleplate
360° swivel cord
Neon indicator","1,490",59.6,Esquire Electronics,https://drive.google.com/uc?export=view&id=1t9OdT_r2jENWazO4eAoxU0COaCgcYa6K,Electronics,Iron,63
10089,Everything comes from none?,"FABRIC: FLEECE
SIZE: M, L, XL, XXL
Size Measurement (in inch/centimeter):
M (Medium): Chest 39.37?, Height 27.56?
L (large) : Chest 41.73?, Height 28.74?
XL(Extra large): Chest 43.30?, Height 29.92?
XXL(Double Extra large) : Chest 45.67?, Height 31.10?",900,72,One Ummah BD,https://drive.google.com/uc?export=view&id=1p-4gszovErNj4x_VjX9Y3pHegFGWgxKI,Clothing,Men's wear,34
10090,Batman Black Wall Clock,"Add your preferred backlight color * Red
Green
Blue
Glow In The Dark
If you also want to add Luminous Glow In The Dark pointer and dials, check it out!
Add it (+? 140.00)","1,390.00",69.5,Paperboat,https://drive.google.com/uc?export=view&id=1_stDk10CcKEpkk1MQ_JB2BrLQhG4rFsZ,Clock,Wall Clock,43
10091,Pray like it's your last day,"FABRIC: FLEECE
SIZE: M, L, XL, XXL
Size Measurement (in inch/centimeter):
M (Medium): Chest 39.37?, Height 27.56?
L (large) : Chest 41.73?, Height 28.74?
XL(Extra large): Chest 43.30?, Height 29.92?
XXL(Double Extra large) : Chest 45.67?, Height 31.10?",900,72,One Ummah BD,https://drive.google.com/uc?export=view&id=1u8QSBRmheYPMl-gbCBIqmLkySFxP75_n,Clothing,Men's wear,63
10092,WM (Sharp Full Auto Washing Machine),"Capacity: 8.0 KG
Fuzzy Control
Auto Start After Blackout
Washboard Texture Stainless Steel Tub
Water Efficiency Rating 3 Ticks","28,900",500,Esquire Electronics,https://drive.google.com/uc?export=view&id=1ktWpDU3IE3xL10j73uIA8U7zfQcxc5_F,Electronics,Washing Machine,66
10093,Adjustable Door Pull Up and Chin Up Bar – Doorway Pull-Up Bar with Soft Grip Handles – Heavy Duty Home Fitness – Multi-Functional Upper Body Workout,"Made of heavy-duty steel
Max Load: 150KG
Size: 3 different size is available
Compatible with almost any door frame
It can be easily set up","1,249.00",62.45,Citizen Sports,https://drive.google.com/uc?export=view&id=1hJIDKZpsXDuz4A52EcVxMo-RXpPTCQb0,Fitness & Sports,Gym Equipment,34
10094,PINKFLASH Lasting Matte Concealer,"High coverage of spots and fine lines say goodbye to dark circles and facial blemishes.
Natural makeup effect and light texture can make your face skin breathe smoothly without any burden and non-comedogenic.
Non-cakey, super ductility, and moisturizing formula will not make your skin feeling dry or looking cakey.
Long-lasting, waterproof, non-sticky, flawless makeup for the whole day.",185,14.8,Easy Dhaka,https://drive.google.com/uc?export=view&id=1NPfdRXf2r3adtoCAgIXLpQXYnRICC_Zi,Cosmetics,Concealer,44
10095,HTC AT-1210 Beard Trimmer and Hair Clipper for Men,"Compact design and comfortable to use
Ergonomic design for easier handling
High-grade stainless steel blade
Effortless even trim
Quick-release blades for easy cleaning
45 minutes of cordless use
Skin-friendly blades for smooth skin
4-detachable 1mm, 3mm, 5mm, & 7mm combs",499,24.95,Gear Exact,https://drive.google.com/uc?export=view&id=1oqqqNyztAHQ08fKSbF-aF-dciPhLJ5Kc,Electronics,Trimmer,33
10096,PINKFLASH Ever Glossy Moist Lip Gloss,"It has 3 transparent colour that contains coconut oil, has a super moisturizing effect, and brings luster to dry lips, The unique silicone brush head will not produce dyeing after overlay. Other 2 colour with fine shimmering pearl the faint shimmer makes your lips look unique and sexy, and the non-grainy glitter makes your lips feel more comfortable.
It has other 6 mirror lip glosses of different colors bring a new look to your makeup?Heart-shaped hollow flocking brush head brings you the perfect colour. Easy to use, with unique colors and brightness, different usage has different effects, choose different colors on different occasions to show different self.",120,9.6,Easy Dhaka,https://drive.google.com/uc?export=view&id=1MLz5xVKz3BaVLQVxpn2fWwph_HHPsXge,Cosmetics,Lipstick,72
10097,Maybelline Baby Skin Instant Pore Eraser Primer – 22ml,Maybelline Baby Skin Instant Pore Eraser makeup primer leaves skin with a baby smooth and matte finish. Moisturizes all day. This lightweight and breathable pore-blurring makeup primer leave skin with a smooth matte finish. Non-comedogenic. Fragrance-free. The gel texture in Baby Skin instantly helps to vanish pores and makes the skin feel light. It avoids a shine on the skin and makes the skin feel soft.,680,54.4,Easy Dhaka,https://drive.google.com/uc?export=view&id=1MrGvPZvjCoJogjSu-Gqwd8IZ_xp-1GW5,Cosmetics,Primer,44
10098,Panasonic EH-ND13 Compact DryCare Hair Dryer for Women,"3-flexible speed settings for careful drying
Compact design, portable & durable
Comfortable, textured handle for easy grip
Turbo function consumes 1000W power
Easy storage hook for convenient storage
Tangle-free cord enables easy usage
Selectable temperature/ airflow settings
Healthy mode with airflow of 50 degrees","1,650.00",82.5,Gear Exact,https://drive.google.com/uc?export=view&id=1f1YMZxUvSquZX5nwgDz_TRL1GFQdXv3Z,Electronics,Hair Dryer,72
10099,Tawhid,"FABRIC: FLEECE
SIZE: M, L, XL, XXL
Size Measurement (in inch/centimeter):
M (Medium): Chest 39.37?, Height 27.56?
L (large) : Chest 41.73?, Height 28.74?
XL(Extra large): Chest 43.30?, Height 29.92?
XXL(Double Extra large) : Chest 45.67?, Height 31.10?",900,72,One Ummah BD,https://drive.google.com/uc?export=view&id=1zlysMrYTuyP6HX40rwKEjy4UUhvlkKIG,Clothing,Men's wear,22
10100,G Natural Base Bansuri Flute 25 Inches,"Key - G Size - 25 Inch Tune- Master Tune Uses: Can Be Use for Studio Recording, (Highly Recommended for Classical music, orchestral playing, studio recording) Bamboo Age: More Than 3 Years Appearance Note: Since bamboo is a natural product, the color, dimensions, and holes are slightly different for every flute Bansuri.","2,000.00",240,Labu Flutes,https://drive.google.com/uc?export=view&id=1plj8-Q-7nfDwlBX8NtRNH4PNtdzTUJ4x,Musical Instruments,Flute,22
10101,Focallure Pressed Powder,Focallure Pressed Powder is weightless finishing powder. Which is formulated with light-reflecting optics to help diffuse the look or appearance of fine lines. lilac plant stems cells and vitamin C.,330,26.4,Easy Dhaka,https://drive.google.com/uc?export=view&id=1xKY3wHuafvAIaxkJBoiSLFGP84NxqIPG,Cosmetics,Compact Powder,63
10102,Sharp Full Auto J-Tech Inverter Washing Machine,"Capacity: 8.5 KG
Top Load Washing Machine
J-TECH Inverter Technology
NO-HOLES Tub","35,900",700,Esquire Electronics,https://drive.google.com/uc?export=view&id=1PPisi8gAghAjsUydcot_Ycokc48SDRNM,Electronics,Washing Machine,44
10103,Islam for better life,"FABRIC: FLEECE
SIZE: M, L, XL, XXL
Size Measurement (in inch/centimeter):
M (Medium): Chest 39.37?, Height 27.56?
L (large) : Chest 41.73?, Height 28.74?
XL(Extra large): Chest 43.30?, Height 29.92?
XXL(Double Extra large) : Chest 45.67?, Height 31.10?",900,72,One Ummah BD,https://drive.google.com/uc?export=view&id=1wUCarc0BOTXcV2htCoWkEkICSnaGM3sh,Clothing,Men's wear,72
10104,Refrigerator (Sharp 4-Door Refrigerator),"Capacity: 605 Liters
Color: Black
Hybrid Cooling System
PCI Technology
Ag+ Nano Deodorizer","2,59,900","3,000.00",Esquire Electronics,https://drive.google.com/uc?export=view&id=1MbFJzKzi38bd85_JREx_p0Swbe0IKa-b,Electronics,Refrigerator,33
10105,Naruto Logo Wall Clock,"High Quality TPU plastic frame
Dimensions: 10” and 14? diameter, 1.75” depth
High-impact Plexiglas crystal face
Backside hook for easy hanging
High-Definition plastic paper printing
Unique gift for friends or family
One free Uniross AA battery free with each clock",787,39.35,Paperboat,https://drive.google.com/uc?export=view&id=1IuukW1uNg85t241p8tKSuWJbOg2G9ams,Clock,Wall Clock,72
10106,Focallure Flawless Longwear Foundation (FA 256),"Full Coverage
Longwear
Super Waterproof
Non-Oxidizing
Flaw Resistance",470,37.6,Easy Dhaka,https://drive.google.com/uc?export=view&id=1e96gu60obupiC0ErYNqL90hhd55JdjU-,Cosmetics,Foundation,22
10107,AC (General 1.5 Ton AC),"Capacity: 1.5 Ton (18,000 BTU)
Powerful Cooling
Tropical Specifications
Eco-friendly R410A Gas
Low Noise Design","99,900","1,000.00",Esquire Electronics,https://drive.google.com/uc?export=view&id=1Y5MjW7KxqC06o7iH4w6Z2qDX6SMQYagL,Electronics,AC,33
10108,5 Kg Hex Dumbbell 1 Pair (Rubber Coated),Weight - 10 kg,"2,385.00",119.25,Citizen Sports,https://drive.google.com/uc?export=view&id=1YWYq4DNFqQKnW3fx3Z6Z6b9aERq8W7t9,Fitness & Sports,Gym Equipment,66
10109,Power Twister Exerciser (30KG),"It is Made of High Grade Metal Wire and Spring
When and where you can use it and very convenient
Rubber handles for excellent grip
Ideal size for use any place any time and any where.",499,24.95,Citizen Sports,https://drive.google.com/uc?export=view&id=1wTcNz1ARx3RM7hOvAzl5p7bzzS2on-hk,Fitness & Sports,Gym Equipment,34
10110,TPE YOGA Mat 6mm- eco friendly ( 2' x 6'),Weight - 1 kg,699,34.95,Citizen Sports,https://drive.google.com/uc?export=view&id=1CHT_KmzX4FDBQWQ85vsjE5BkEVOm2fUh,Fitness & Sports,Gym Equipment,63
10111,Islam is perfect but I'm not,"FABRIC: FLEECE
SIZE: M, L, XL, XXL
Size Measurement (in inch/centimeter):
M (Medium): Chest 39.37?, Height 27.56?
L (large) : Chest 41.73?, Height 28.74?
XL(Extra large): Chest 43.30?, Height 29.92?
XXL(Double Extra large) : Chest 45.67?, Height 31.10?",900,72,One Ummah BD,https://drive.google.com/uc?export=view&id=1B1Q7aDHd6di1SLVeRE_--v4INmDxZkiI,Clothing,Men's wear,24
10112,Security is a myth,"FABRIC: FLEECE
SIZE: M, L, XL, XXL
Size Measurement (in inch/centimeter):
M (Medium): Chest 39.37?, Height 27.56?
L (large) : Chest 41.73?, Height 28.74?
XL(Extra large): Chest 43.30?, Height 29.92?
XXL(Double Extra large) : Chest 45.67?, Height 31.10?",900,72,One Ummah BD,https://drive.google.com/uc?export=view&id=1PmgOMj7sKsFZQ6U60iKpa2p8Ph93HSyW,Clothing,Men's wear,44
10113,Ireneda Waterproof Matte Liquid Lipstick,"Ireneda is in pursuit of breakthroughs, full of curiosity about the world, and does not easily define beauty, and hereby launches Transferproof Undefined Liquid Matte Lipstick. Intensively lock color, Break the usual, defined by you.",140,11.2,Easy Dhaka,https://drive.google.com/uc?export=view&id=1lgS99Fl_4zidEE8gElWLmvDOJHf-TaR-,Cosmetics,Lipstick,62
10114,Forgive,"FABRIC: FLEECE
SIZE: M, L, XL, XXL
Size Measurement (in inch/centimeter):
M (Medium): Chest 39.37?, Height 27.56?
L (large) : Chest 41.73?, Height 28.74?
XL(Extra large): Chest 43.30?, Height 29.92?
XXL(Double Extra large) : Chest 45.67?, Height 31.10?",900,72,One Ummah BD,https://drive.google.com/uc?export=view&id=1rE2wmqnKAeT11DoQJwjRjcTlXrOCsBDL,Clothing,Men's wear,62
10115,General Inverter 1.5 Ton AC,"Capacity: 1.5 Ton (18,000 BTU)
Hyper Tropical Inverter
Fast cooling","1,14,900","1,500.00",Esquire Electronics,https://drive.google.com/uc?export=view&id=1fznH3vAcKgAatlxoMO8idpAri8FGweKc,Electronics,AC,44
10116,Manchester Wall Clock,"Add your preferred backlight color * Red
Green
Blue
Glow In The Dark
If you also want to add Luminous Glow In The Dark pointer and dials, check it out!
Add it (+? 140.00)","1,390.00",69.5,Paperboat,https://drive.google.com/uc?export=view&id=1UIkmY5BMfQnKtslI57USb9d_n_uHml9B,Clock,Wall Clock,24
10117,Focallure Face Highlighter & Contour Stick,"Focallure Highlighter and Contour Stick is super beginner friendly since it blends out really easy and has natural skin-like finish to it. Natural-looking matte finish makes Highlighter perfect for face and body alike. It’s so much more realistic than a powder.
Features: Enhances and illuminates the complexion. Gives a multi-dimensional sculpted look. Easy to blend, build-able color. Water-proof and long-lasting.
Natural makeup, not greasy, no wrinkle, no smudge, revealing natural luster.
Long-lasting makeup, waterproof and sweat-proof, not easy to fade
Remarkable coloring effect, the lightening or the shadow is soft and natural, and it is easy to create a three-dimensional makeup.
Silky stick, evenly dispersed, creating a natural and flawless look",260,20.8,Easy Dhaka,https://drive.google.com/uc?export=view&id=1MMK8NIsbeAc5JtqslTsLxYt8CJu_Cqz0,Cosmetics,Contour,44
10118,Assalamu alaikum v2,"FABRIC: FLEECE
SIZE: M, L, XL, XXL
Size Measurement (in inch/centimeter):
M (Medium): Chest 39.37?, Height 27.56?
L (large) : Chest 41.73?, Height 28.74?
XL(Extra large): Chest 43.30?, Height 29.92?
XXL(Double Extra large) : Chest 45.67?, Height 31.10?",900,72,One Ummah BD,https://drive.google.com/uc?export=view&id=1lMG4iZOpDygedZOa27xwUox4fKU4zhWo,Clothing,Men's wear,44
10119,Philips GC1752/36 Steam Iron EasySpeed,"220 ml water tank for longer ironing sessions
Integrated water spray evenly moistens the fabric
Power up to 2000 W enabling constant high steam output
Drip-stop system keeps garments spotless while ironing
100 g steam boost to remove stubborn creases easily
Ceramic soleplate for easy gliding and scratch resistance
Calc Clean slider for durable steam performance
Continuous steam up to 25g/min for good crease removal
Larger soleplate to cover more in one go
Wider hole for easy water filling","3,350.00",167.5,Gear Exact,https://drive.google.com/uc?export=view&id=1eszrtsGF8m7ZUuemsQVj52_6OdT1IZc4,Electronics,Iron,62
10120,PINKFLASH Lasting Matte Pressed Powder (5.8g),"Super Oil Control
Lasting 8-Hour
Non-cakey
Lightweight and Traceless Non- crease and non-cakey Medium coverage
Fine and soft powder Not cause acne
Matte but not dry Lasting 8 hours Waterproof",220,17.6,Easy Dhaka,https://drive.google.com/uc?export=view&id=1IcOR1lMHuespdK35BZIEvw1qUYDXk96H,Cosmetics,Compact Powder,23
10121,Wooden 3 color pattern Wall Clock,"Piney Wall clocks are made from pine wood with the design digitally printed directly on the wood in durable, non-fading pigment ink. Each piece is finished with non-toxic varnish. Once finished we assemble the final product by hand using a quartz silent movement and stainless steel metal hands.
? Size: 11.5 inches in diameter
? Material: Canadian pine wood
? Free TOSHIBA Alkaline AA battery with each product.","1,259",62.95,Paperboat,https://drive.google.com/uc?export=view&id=18yFGSwyu5-bHRbM35cTzbHWOHIucxYUo,Clock,Wall Clock,66
10122,Every soul will taste death,"FABRIC: FLEECE
SIZE: M, L, XL, XXL
Size Measurement (in inch/centimeter):
M (Medium): Chest 39.37?, Height 27.56?
L (large) : Chest 41.73?, Height 28.74?
XL(Extra large): Chest 43.30?, Height 29.92?
XXL(Double Extra large) : Chest 45.67?, Height 31.10?",900,72,One Ummah BD,https://drive.google.com/uc?export=view&id=17vPIY7QhZgqsWbkwK8OP3DfAPHF56bEh,Clothing,Men's wear,23
10123,Philips GC3929/60 Steam Iron PerfectCare,"OptimalTEMP technology, no temperature settings required
Safe on all ironable garments, no-burns guaranteed
2600 W to heat up quickly
Steam output up to 45 g/min for strong, steady performance
Up to 200 g steam boost blasts stubborn creases
SteamGlide Plus soleplate for ultimate gliding performance
Automatic shut-off when the iron is left unattended
Drip-stop keeps garments spotless while ironing
Built-in calc-clean slider, long-lasting steam performance","8,250",300,Gear Exact,https://drive.google.com/uc?export=view&id=12meIlv2UIWkgvjNIioTRC4xpQqzSqoi0,Electronics,Iron,23
10124,Fridge (Sharp Inverter Refrigerator ),"Capacity: 315 Liters
Color: Stainless-like Silver
J-Tech Inverter
Ag+ Nano Deodorizer
Tempered Glass Shelf
Fan Cooling System","76,900","1,000.00",Esquire Electronics,https://drive.google.com/uc?export=view&id=1pWOBnlCejJ9cP78xVx_kyLDwpNQoEO1z,Electronics,Refrigerator,66
10125,Made in dust will vanish in dust,"FABRIC: FLEECE
SIZE: M, L, XL, XXL
Size Measurement (in inch/centimeter):
M (Medium): Chest 39.37?, Height 27.56?
L (large) : Chest 41.73?, Height 28.74?
XL(Extra large): Chest 43.30?, Height 29.92?
XXL(Double Extra large) : Chest 45.67?, Height 31.10?",900,72,One Ummah BD,https://drive.google.com/uc?export=view&id=1UoTMEbiLVdnOggwgZJrmaCWsMNmgRVZ0,Clothing,Men's wear,66
10126,D Natural Medium Bansuri Flute 17 Inches,"Key - D Size -17 Inch Tune- Master Tune Uses: Can Be Use for Studio Recording, (Highly Recommended for or beginners, also appropriate for light classical and folk music) Bamboo Age: More Than 3 Years","1,100.00",132,Labu Flutes,https://drive.google.com/uc?export=view&id=1qcm1kvGbZ73FMmeZjx4TptV9MW13l2lR,Musical Instruments,Flute,62
10127,Semi Commercial Spin Bike,"Monitor: Scan, Time, Distance, Speed, Calories
Condition: New
Full SS Flywheel:12 Kg
N.W: 22 Kg
G.W: 24 Kg
Meas (L X W X H): 110cm X 41cm X 100cm
3-years warranty
Maximum User Weight: 120kg","14,999.00",400,Citizen Sports,https://drive.google.com/uc?export=view&id=1wSPWP65k2GHS2KnXhY1DhJ31MmK292Td,Fitness & Sports,Gym Equipment,66
10128,"Gravity Picks Classic – Big Mini, 1.5mm, Polished Handcrafted Acrylic Guitar/Bass Pick with Reduced Teardrop Shape and 80-degree Bevel","An affordable handcrafted pick for demanding guitarists and bassists
Reduced teardrop shape – great for jazz to metal
Made from thick cast acrylic for a clear tone
Louder and brighter than nylon picks
Long-lasting pick life
Grips fingers and glides across strings
80-degree beveled edge provides a good balance between speed and sound quality
Hand-shaped and buffed with care by a small team of designers
Made in the USA
Sold individually",650,78,Guitar Paradise,https://drive.google.com/uc?export=view&id=12qs-dCVRg8-KAu4n7mKFnugu6pY8FQ-D,Musical Instruments,Guitar,44
10129,L. A. Girl HD Pro Concealer,"Lightweight, creamy texture
Long-wearing, crease-resistant formula
Built-in brush-tip applicator
Correct, conceal, contour, & highlight
Ideal for all skin types
Cruelty-free & fragrance-free",340,27.2,Easy Dhaka,https://drive.google.com/uc?export=view&id=1vIbqgoLMlLXzop5VMeiEqXJnjfrHqEHY,Cosmetics,Concealer,45
10130,MusicNomad MN105 F-One Fretboard Oil Cleaner & Conditioner 2 oz For Guitar Care,"100% natural oils ultra-refined to clean, condition, and protect
Completely free of lemon extracts, so it is safe on all unfinished fretboards: rosewood, ebony and Maple
Premium quality Cleaner and conditioner used by high-end repair shops
Contains no petroleum, wax, detergents, or water
Dries fast but maintains conditioning for months
Proudly Made in the USA",800,64,Guitar Paradise,https://drive.google.com/uc?export=view&id=1WC9yyofkMIqgcfmbqWU0boKly10Ii6ek,Musical Instruments,Guitar,44
10131,Gravity Picks Colored Gold Traditional Teardrop Guitar Pick – .75mm Gray,"Classic teardrop-shape guitar pick constructed from a highly durable thermoplastic
Louder than comparable picks with a soft bevel to reduce pick noise
Lasts up to 10 times as long as other picks
Dual-sided engraving provides a tight grip
Available in a range of sizes and colors to suit your playing needs
Artisan Guitar Picks Made In California
Original Authorized Distributor from the USA",650,78,Guitar Paradise,https://drive.google.com/uc?export=view&id=1LUhJ9yYY5_GU7Y8LFsYEhFuyfpzWlR7S,Musical Instruments,Guitar,34
10132,Push Up Bars – Black and Silver 1 pair,"Push-up makes a great exercise to build chest, biceps, triceps and pectorals, but it’s also harmful for your wrists and joints.
Maximise your push-ups without risking your joints and wrists with this pair of push-up bars as they give a natural grip position instead of bending your wrists at 90 degrees.
The escalated feature helps in giving that extra stretch and increases your upper body’s strength while you work out.
You can bring and use them wherever and whenever you need a good workout.",399,19.95,Citizen Sports,https://drive.google.com/uc?export=view&id=1JiZGTA9xudBO1SNGWWuNm-ytxdGiuvRm,Fitness & Sports,Gym Equipment,43
10133,Philips BT3235/15 Beard Trimmer Series 3000 for Men,"Trims evenly and captures low-lying hairs
Superior cutting performance with titanium-coated blades
Longer-lasting battery
Skin-friendly blades for smooth skin
Click-on precision trimmer for perfect edges and details
Adjusts to different length settings
90 minutes of cordless use or plug it in
Lights indicate when the battery is low, empty, full, or charging
Easy to grip, simple maintenance
PowerAdapt sensor for constant trimming performance","3,550.00",177.5,Gear Exact,https://drive.google.com/uc?export=view&id=1XPkxMJSZH6QAgLK6GROpKzktV-iZdKcQ,Electronics,Trimmer,72
10134,Philips BT3102/25 Beard Trimmer Series 3000 for Men,"Lift & Trim comb guides hairs to the blades for an even trim
Stainless Steel Blades for long-lasting sharpness
DuraPower technology for a longer-lasting battery life
Skin-friendly blades for smooth skin
10 lock-in length settings, 0.5 – 10mm with 1mm precision
Up to 60 minutes of cordless use after 8 hours charging
Light on the adaptor indicates when the battery is charging
Simple maintenance
Easy to grip","2,150.00",107.5,Gear Exact,https://drive.google.com/uc?export=view&id=14smq4ArDEzR9ye81Rq3sMmme-rtegfKP,Electronics,Trimmer,53
10135,Muhamma (pubh) my hero,"FABRIC: FLEECE
SIZE: M, L, XL, XXL
Size Measurement (in inch/centimeter):
M (Medium): Chest 39.37?, Height 27.56?
L (large) : Chest 41.73?, Height 28.74?
XL(Extra large): Chest 43.30?, Height 29.92?
XXL(Double Extra large) : Chest 45.67?, Height 31.10?",900,72,One Ummah BD,https://drive.google.com/uc?export=view&id=1h_jBMX4JtXB9WC9TS6DL6W62fJG9M6ky,Clothing,Men's wear,74
10136,Sharp Inverter Refrigerator,"Capacity: 253 Liters
Color: Stainless-like Silver
J-Tech Inverter
Ag+ Nano Deodorizer
Tempered Glass Shelf
Fan Cooling System","65,900","1,000.00",Esquire Electronics,https://drive.google.com/uc?export=view&id=1Ip9T1p6FyrOSjhiH740px6t_oZJ4Pm2e,Electronics,Refrigerator,74
10137,Life is beautiful,"FABRIC: FLEECE
SIZE: M, L, XL, XXL
Size Measurement (in inch/centimeter):
M (Medium): Chest 39.37?, Height 27.56?
L (large) : Chest 41.73?, Height 28.74?
XL(Extra large): Chest 43.30?, Height 29.92?
XXL(Double Extra large) : Chest 45.67?, Height 31.10?",900,72,One Ummah BD,https://drive.google.com/uc?export=view&id=10Za5EJZ5X5NGGPgqnOC5hbQt0gYpIteW,Clothing,Men's wear,44
10138,Muslim,"FABRIC: FLEECE
SIZE: M, L, XL, XXL
Size Measurement (in inch/centimeter):
M (Medium): Chest 39.37?, Height 27.56?
L (large) : Chest 41.73?, Height 28.74?
XL(Extra large): Chest 43.30?, Height 29.92?
XXL(Double Extra large) : Chest 45.67?, Height 31.10?",900,72,One Ummah BD,https://drive.google.com/uc?export=view&id=1vUTOyz5IPKHz6TMlAvKoQiSV-CBGcpOq,Clothing,Men's wear,23
10139,Panasonic NI-U500 Steam Iron Big and Easy,"B3ig and curved ceramic soleplate quick result
Ergonomic handle, easy to grip
Heavy-duty design for comfortable ironing
Easy and stable glide
Steam distribution softens the fabric
Power shot 130g/min
Easy maintenance & Long-lasting
Self-cleaning button
Powerful maximum 2300 W
Anti-calcium chemical unit
300 ml water tank capacity
Micro spray","6,750.00",300,Gear Exact,https://drive.google.com/uc?export=view&id=1b5DnjXHTzl1_MODPkLw2nUUJjMSXYgWU,Electronics,Iron,33
10140,Focallure STAYMAX Pore Blurring Matte Flowless Foundation (20 g),"Focallure STAYMAX Foundation is flawless Matte finish Pore blurring matte finish long lasting foundation. Featuring with oil control and lightweight formula. A Little Goes Full Coverage For HD Flawless Matte Finish, Blurring Pore, Redness?Acne, Speckle?And Blemish.
This Foundation has 8 Shades To Choose From Fair, Light, Medium, And Tan Skin tone. Best For Normal, Oily And Combination Skin With Jojoba Seed Oil And Vitamin E For Long-Lasting Moisture. It Can Provide You With Anti-Sweat, Waterproof And Transfer-Proof Long-Lasting Matte Finish, Creating A Perfect Pore-Blurring Natural No Filter Base Makeup.",300,24,Easy Dhaka,https://drive.google.com/uc?export=view&id=1YqnPAqtkUe8ypa5iVt6jpC1Bz67vDNmq,Cosmetics,Foundation,23
10141,"MusicNomad MN106 TUNE-IT Lubricant, 10 ml Guitar tech","Reduces string breakage and helps you stay in tune
Ideal for nut slots, Bridge, saddle, string guides, and any moving parts
Small, fine-tip applicator included applying tune-it in any hard-to-reach or tight areas
Reduces friction and wear, and protects against rust and corrosion
Odourless, non-staining, petroleum-free, and silicone-free
Proudly Made in the USA",900,72,Guitar Paradise,https://drive.google.com/uc?export=view&id=1WAggL8qCKreKxoQK9zy8E9fqci9-wNJO,Musical Instruments,Guitar,44
10042,Focallure COVERMAX Two-Way-Cake Pressed Powde,"Focallure COVERMAX Pressed Powder will give you high coverage. it can cover the blemish and pores of skin surface, oil-control, form smooth and flawless matte makeup finish. Contains vitamin C, it has the good anti-oxidation effect, not only has long lasting and not dim after use, but also has a certain whitening effect, no skin stimulation. Two ways to use, dry with high covering power, wet with more natural color! Lightweight, natural colour, non-cakey, can last a whole day!?It is suitable for all types of Skin Tone and it woks fine on oily skin type. This is the upgraded version of Focallure Pressed Powder.",390,31.2,Easy Dhaka,https://drive.google.com/uc?export=view&id=1hS-L3fIbdjIKEHyT7ES_YEnVK6ynT6pT,Cosmetics,Compact Powder,24
10043,Sharp Inverter Refrigerator,"Capacity: 397 Liters
Color: Black
J-Tech Inverter
Plasma Cluster Ion Technology
Tempered Glass Shelf
Fan Cooling System","1,01,000","1,500.00",Esquire Electronics,https://drive.google.com/uc?export=view&id=1iPbD5IqRY8npk538BhWTZe75aHUHQymr,Electronics,Refrigerator,42
10045,Maan rabbuk,"FABRIC: FLEECE
SIZE: M, L, XL, XXL
Size Measurement (in inch/centimeter):
M (Medium): Chest 39.37?, Height 27.56?
L (large) : Chest 41.73?, Height 28.74?
XL(Extra large): Chest 43.30?, Height 29.92?
XXL(Double Extra large) : Chest 45.67?, Height 31.10?",900,72,One Ummah BD,https://drive.google.com/uc?export=view&id=16nJ02Ltbto4xtePQhRHbMPEK8qLULvWQ,Clothing,Men's wear,66
